-- phpMyAdmin SQL Dump
-- version 5.2.1
-- https://www.phpmyadmin.net/
--
-- Host: 127.0.0.1
-- Generation Time: Dec 14, 2025 at 08:38 PM
-- Server version: 10.4.32-MariaDB
-- PHP Version: 8.2.12

SET SQL_MODE = "NO_AUTO_VALUE_ON_ZERO";
START TRANSACTION;
SET time_zone = "+00:00";


/*!40101 SET @OLD_CHARACTER_SET_CLIENT=@@CHARACTER_SET_CLIENT */;
/*!40101 SET @OLD_CHARACTER_SET_RESULTS=@@CHARACTER_SET_RESULTS */;
/*!40101 SET @OLD_COLLATION_CONNECTION=@@COLLATION_CONNECTION */;
/*!40101 SET NAMES utf8mb4 */;

--
-- Database: `vmsshell_db`
--

-- --------------------------------------------------------

--
-- Table structure for table `departments`
--

CREATE TABLE `departments` (
  `id` int(11) NOT NULL,
  `department_name` varchar(100) NOT NULL
) ENGINE=InnoDB DEFAULT CHARSET=utf8mb4 COLLATE=utf8mb4_general_ci;

--
-- Dumping data for table `departments`
--

INSERT INTO `departments` (`id`, `department_name`) VALUES
(2, 'Finance'),
(3, 'HR'),
(1, 'IT'),
(4, 'Procurement'),
(6, 'Security'),
(5, 'Stores');

-- --------------------------------------------------------

--
-- Table structure for table `expired_visitor_passes`
--

CREATE TABLE `expired_visitor_passes` (
  `id` int(11) NOT NULL,
  `visitor_request_id` int(11) NOT NULL,
  `v_code` varchar(50) DEFAULT NULL,
  `header_code` varchar(50) DEFAULT NULL,
  `expired_at` datetime NOT NULL,
  `created_at` datetime DEFAULT current_timestamp()
) ENGINE=InnoDB DEFAULT CHARSET=utf8mb4 COLLATE=utf8mb4_general_ci;

--
-- Dumping data for table `expired_visitor_passes`
--

INSERT INTO `expired_visitor_passes` (`id`, `visitor_request_id`, `v_code`, `header_code`, `expired_at`, `created_at`) VALUES
(1, 2, NULL, 'GV000002', '2025-12-13 00:02:05', '2025-12-13 00:02:05'),
(2, 3, NULL, 'GV000003', '2025-12-13 00:02:05', '2025-12-13 00:02:05'),
(3, 5, NULL, 'GV000004', '2025-12-14 12:00:26', '2025-12-14 12:00:26'),
(4, 6, NULL, 'GV000005', '2025-12-14 12:00:26', '2025-12-14 12:00:26');

-- --------------------------------------------------------

--
-- Table structure for table `reference`
--

CREATE TABLE `reference` (
  `id` int(11) NOT NULL,
  `name` varchar(150) NOT NULL,
  `email` varchar(150) NOT NULL,
  `phone` varchar(20) DEFAULT NULL,
  `address` varchar(255) DEFAULT NULL,
  `description` text DEFAULT NULL,
  `reference_person_role` enum('Supervisor','Manager','Mediator','Other') NOT NULL,
  `status` tinyint(1) NOT NULL DEFAULT 1,
  `created_by` int(11) NOT NULL,
  `created_at` datetime DEFAULT current_timestamp()
) ENGINE=InnoDB DEFAULT CHARSET=utf8mb4 COLLATE=utf8mb4_general_ci;

--
-- Dumping data for table `reference`
--

INSERT INTO `reference` (`id`, `name`, `email`, `phone`, `address`, `description`, `reference_person_role`, `status`, `created_by`, `created_at`) VALUES
(1, 'Mahesh', 'satisht@gmail.com', '8919146333', 'Test', 'Test \r\nDescription', 'Manager', 1, 5, '2025-11-26 11:52:14'),
(2, 'Sathish', 'satish@gmail.com', '8919146333', 'kakinada', 'reference Person', 'Mediator', 1, 5, '2025-11-26 12:12:04'),
(3, 'sreenivas', 'srenivas@gmai.com', '8919146333', 'kakinada', 'abc', 'Manager', 1, 5, '2025-11-27 12:01:19'),
(4, 'Krishna V', 'krishnadvasireddy@gmail.com', '9100060606', 'abnc', 'xyz', 'Manager', 1, 5, '2025-11-28 12:47:22');

-- --------------------------------------------------------

--
-- Table structure for table `reference_visitor_requests`
--

CREATE TABLE `reference_visitor_requests` (
  `id` int(11) NOT NULL,
  `rvr_code` varchar(10) NOT NULL,
  `reference_id` int(11) NOT NULL,
  `purpose` varchar(255) NOT NULL,
  `visit_date` date NOT NULL,
  `visitor_count` int(11) DEFAULT 1,
  `description` text DEFAULT NULL,
  `status` tinyint(1) DEFAULT 1,
  `created_by` int(11) NOT NULL,
  `created_at` timestamp NOT NULL DEFAULT current_timestamp()
) ENGINE=InnoDB DEFAULT CHARSET=utf8mb4 COLLATE=utf8mb4_general_ci;

-- --------------------------------------------------------

--
-- Table structure for table `roles`
--

CREATE TABLE `roles` (
  `id` int(11) NOT NULL,
  `role_name` varchar(50) NOT NULL
) ENGINE=InnoDB DEFAULT CHARSET=utf8mb4 COLLATE=utf8mb4_general_ci;

--
-- Dumping data for table `roles`
--

INSERT INTO `roles` (`id`, `role_name`) VALUES
(2, 'admin'),
(4, 'security'),
(1, 'superadmin'),
(3, 'user');

-- --------------------------------------------------------

--
-- Table structure for table `security_gate_logs`
--

CREATE TABLE `security_gate_logs` (
  `id` int(11) NOT NULL,
  `visitor_request_id` int(11) NOT NULL,
  `v_code` varchar(10) NOT NULL,
  `check_in_time` datetime DEFAULT NULL,
  `check_out_time` datetime DEFAULT NULL,
  `verified_by` int(11) DEFAULT NULL,
  `created_at` datetime DEFAULT current_timestamp()
) ENGINE=InnoDB DEFAULT CHARSET=utf8mb4 COLLATE=utf8mb4_general_ci;

--
-- Dumping data for table `security_gate_logs`
--

INSERT INTO `security_gate_logs` (`id`, `visitor_request_id`, `v_code`, `check_in_time`, `check_out_time`, `verified_by`, `created_at`) VALUES
(1, 1, 'V000001', '2025-12-13 02:20:51', '2025-12-13 03:38:49', 13, '2025-12-13 02:20:51'),
(2, 4, 'V000004', '2025-12-13 11:13:39', NULL, 11, '2025-12-13 11:13:39'),
(3, 7, 'V000007', '2025-12-13 15:16:18', '2025-12-13 15:19:43', 13, '2025-12-13 15:16:18');

-- --------------------------------------------------------

--
-- Table structure for table `users`
--

CREATE TABLE `users` (
  `id` int(11) NOT NULL,
  `priority` int(11) NOT NULL DEFAULT 0,
  `name` varchar(200) DEFAULT NULL,
  `company_name` varchar(150) DEFAULT NULL,
  `department_id` int(11) DEFAULT NULL,
  `username` varchar(50) NOT NULL,
  `password` varchar(255) NOT NULL,
  `role_id` int(11) NOT NULL,
  `active` tinyint(1) NOT NULL DEFAULT 1,
  `hash_key` varchar(255) DEFAULT NULL,
  `created_at` timestamp NOT NULL DEFAULT current_timestamp(),
  `created_by` int(11) DEFAULT current_timestamp(),
  `email` varchar(150) NOT NULL,
  `employee_code` varchar(50) NOT NULL
) ENGINE=InnoDB DEFAULT CHARSET=utf8mb4 COLLATE=utf8mb4_general_ci;

--
-- Dumping data for table `users`
--

INSERT INTO `users` (`id`, `priority`, `name`, `company_name`, `department_id`, `username`, `password`, `role_id`, `active`, `hash_key`, `created_at`, `created_by`, `email`, `employee_code`) VALUES
(1, 0, 'mahesh', 'UKMPL', 1, 'superadmin', '274d015c638f62ba24b19ca23c9c9503', 1, 1, 'HASHKEY123', '2025-11-20 09:28:43', NULL, 'maheshkarna42@gmail.com', '2523011'),
(5, 0, 'Sreenivas', 'UKMPL', 1, 'sreenivas', '4afcb80b6e9cd9a83efdf1ec48a1c856', 2, 1, 'HASHKEY123', '2025-11-21 05:54:24', 1, 'ukmledp@ramojifilmcity.com', '12345678'),
(6, 0, 'Prakash', 'UKMPL', 3, 'hruser2', '1b0041377a27ec89d4ff989d048f5e85', 3, 1, 'HASHKEY123', '2025-11-21 22:15:08', 1, 'prakash@gmail.com', '789654159'),
(7, 0, 'Prasad ', 'UKMPL', 3, 'hrhod', 'f271d1efdfba760f7145d4436f845b8e', 2, 1, 'HASHKEY123', '2025-11-22 05:56:17', 1, 'prasad@gmail.com', '951357456'),
(8, 0, 'Sury kumar', 'UKMPL', 1, 'ituser', '8e3f128f3e5075f40cd8b8361cb1d24d', 3, 1, 'HASHKEY123', '2025-11-24 00:22:13', 1, 'kumar@gmail.com', '87456321'),
(9, 10, 'Radhika', 'UKMPL', 2, 'radhika', '2a14558094169ea7f79f928213fd9a20', 3, 1, 'HASHKEY123', '2025-11-24 03:40:59', 1, 'radhika@gmail.com', '951456357'),
(10, 10, 'Sailesh Kumar', 'UKMPL', 2, 'sailesh', '439dd07182ce0dcd1f225293d85be464', 2, 1, 'HASHKEY123', '2025-11-27 23:56:49', 5, 'miscentraloffice@ramojifilmcity.com', '741963258'),
(11, 2, 'Satish Kumar', 'UKMPL', 2, 'satish', '135c44d20155d3a67bc984f17492a3d3', 2, 1, 'HASHKEY123', '2025-11-30 09:57:12', 5, 'gmaccounts@ramojifilmcity.com', '321987456'),
(12, 0, 'pallam raju', 'UKMPL', 3, 'hruser', '5980d6ad05354bd8681adff071323804', 3, 1, 'HASHKEY123', '2025-11-30 15:37:58', 5, 'raju@gmail.com', '456812397'),
(13, 10, 'khan', 'UKMPL', 6, 'security', '7f56499c9bcb7018d17adba024f12b36', 4, 1, NULL, '2025-12-01 10:32:56', 5, 'khan@gmail.com', '89595875'),
(14, 0, 'Kumar', 'UKMPL', 5, 'kumar', 'b9b580e1f1d30f72a52c9696dfa3c1a3', 3, 0, NULL, '2025-12-02 03:46:21', 5, 'kumar@gmail.com', '53532581'),
(15, 0, 'Mahesh', 'UKMPL', 5, 'stores@rfc.com', 'bde72de2ac7798197faa307a4df2db69', 3, 1, 'HASHKEY123', '2025-12-09 11:46:10', 1, 'store@gmail.com', '123456'),
(16, 3, 'Lokesh', 'UKMPL', 2, 'lokesh', 'd273c8b0aa7f42e27fe0ea75f896167a', 2, 1, 'HASHKEY123', '2025-12-12 15:37:09', 1, 'lokesh@gmail.com', '87456321'),
(18, 1, 'K Ravindara Rao', 'UKMPL', 2, 'kravindra', '6c185769e88bffa03bed6a8129277205', 2, 1, 'HASHKEY123', '2025-12-13 09:29:06', 1, 'ravindra@gmail.com', '789564264');

-- --------------------------------------------------------

--
-- Table structure for table `user_hashkeys`
--

CREATE TABLE `user_hashkeys` (
  `id` int(11) NOT NULL,
  `user_id` int(11) NOT NULL,
  `hash_key` varchar(255) NOT NULL,
  `pass_key` varchar(50) NOT NULL,
  `created_at` timestamp NOT NULL DEFAULT current_timestamp()
) ENGINE=InnoDB DEFAULT CHARSET=utf8mb4 COLLATE=utf8mb4_general_ci;

-- --------------------------------------------------------

--
-- Table structure for table `visitors`
--

CREATE TABLE `visitors` (
  `id` int(11) NOT NULL,
  `request_header_id` int(11) DEFAULT NULL,
  `v_code` varchar(10) NOT NULL,
  `group_code` varchar(20) NOT NULL,
  `visitor_name` varchar(200) NOT NULL,
  `visitor_email` varchar(200) NOT NULL,
  `visitor_phone` varchar(50) DEFAULT NULL,
  `purpose` text DEFAULT NULL,
  `visit_date` date NOT NULL,
  `description` text DEFAULT NULL,
  `expected_from` time DEFAULT NULL,
  `expected_to` time DEFAULT NULL,
  `host_user_id` int(11) NOT NULL,
  `reference_id` int(11) DEFAULT NULL,
  `status` enum('pending','approved','rejected') DEFAULT 'pending',
  `meeting_status` tinyint(1) NOT NULL DEFAULT 0,
  `meeting_completed_at` datetime DEFAULT NULL,
  `validity` int(2) NOT NULL DEFAULT 1,
  `securityCheckStatus` tinyint(1) NOT NULL DEFAULT 0,
  `spendTime` varchar(20) DEFAULT NULL,
  `created_by` int(11) DEFAULT NULL,
  `created_at` datetime DEFAULT current_timestamp(),
  `updated_at` datetime DEFAULT current_timestamp() ON UPDATE current_timestamp(),
  `proof_id_type` varchar(100) DEFAULT NULL,
  `proof_id_number` varchar(100) DEFAULT NULL,
  `qr_code` varchar(255) DEFAULT NULL,
  `vehicle_no` varchar(50) DEFAULT NULL,
  `vehicle_type` varchar(50) DEFAULT NULL,
  `vehicle_id_proof` varchar(255) DEFAULT NULL,
  `visitor_id_proof` varchar(255) DEFAULT NULL,
  `visit_time` time DEFAULT NULL
) ENGINE=InnoDB DEFAULT CHARSET=utf8mb4 COLLATE=utf8mb4_general_ci;

--
-- Dumping data for table `visitors`
--

INSERT INTO `visitors` (`id`, `request_header_id`, `v_code`, `group_code`, `visitor_name`, `visitor_email`, `visitor_phone`, `purpose`, `visit_date`, `description`, `expected_from`, `expected_to`, `host_user_id`, `reference_id`, `status`, `meeting_status`, `meeting_completed_at`, `validity`, `securityCheckStatus`, `spendTime`, `created_by`, `created_at`, `updated_at`, `proof_id_type`, `proof_id_number`, `qr_code`, `vehicle_no`, `vehicle_type`, `vehicle_id_proof`, `visitor_id_proof`, `visit_time`) VALUES
(1, 1, 'V000001', 'GV000001', 'Ravikumar', 'karnamahesh42@gmail.com', '8919146333', 'General Visit', '2025-12-13', 'Testing Purpose ', NULL, NULL, 1, NULL, 'approved', 1, '2025-12-13 03:36:28', 1, 2, '01:17:58', 1, '2025-12-12 22:19:39', '2025-12-13 03:38:49', 'Aadhar Card', '852369741123', 'visitor_V000001_qr.png', 'AP123AD52', 'Bike', '', '', '10:30:00'),
(2, 2, 'V000002', 'GV000002', 'Rakesh', 'karnamahesh42@gmail.com', '7894561234', 'Meeting', '2025-12-12', 'Test Visit Purpose  ', NULL, NULL, 9, NULL, 'approved', 0, NULL, 0, 0, NULL, 9, '2025-12-12 22:34:33', '2025-12-13 04:01:35', 'Aadhar Card', '74185296388', 'visitor_V000002_qr.png', 'TS55DF5F5', 'Bike', '', '', '22:33:00'),
(3, 3, 'V000003', 'GV000003', 'Rahul', 'karnamahesh42@gmail.com', '7894561237', 'Meeting', '2025-12-12', 'Test Meeting Visit', NULL, NULL, 9, NULL, 'approved', 0, NULL, 0, 0, NULL, 9, '2025-12-12 22:36:16', '2025-12-14 12:04:28', 'PAN Card', '1D55D54F8', 'visitor_V000003_qr.png', '465SDD54', 'Bike', '', '', '22:35:00'),
(4, 4, 'V000004', 'GV000004', 'Prakash', 'karnamahesh42@gmail.com', '9876543210', 'Vendor Visit', '2025-12-13', 'Test Visit', NULL, NULL, 9, NULL, 'approved', 0, NULL, 1, 1, NULL, 9, '2025-12-13 10:48:10', '2025-12-13 11:13:39', 'Aadhaar Card', '123456789012', 'visitor_V000004_qr.png', 'TN10AB1234', 'Car', '', '', '10:50:00'),
(5, 4, 'V000005', 'GV000004', 'Sharath', 'karnamahesh42@gmail.com', '9876501234', 'Vendor Visit', '2025-12-13', 'Test Visit', NULL, NULL, 9, NULL, 'approved', 0, NULL, 0, 0, NULL, 9, '2025-12-13 10:48:10', '2025-12-14 12:00:26', 'PAN Card', 'ABCDE1234F', 'visitor_V000005_qr.png', 'TN10AB1234', 'Car', '', '', '10:50:00'),
(6, 5, 'V000006', 'GV000005', 'Tarun Tota', 'ukmledp@ramojifilmcity.com', '6789543256', 'Event Visit', '2025-12-13', 'Client Planning For Event', NULL, NULL, 9, NULL, 'pending', 0, NULL, 0, 0, NULL, 9, '2025-12-13 13:57:28', '2025-12-14 12:00:26', 'Aadhar Card', '234567890', '', 'TS26EF4567', 'Car', '', '', '14:30:00'),
(7, 6, 'V000007', 'GV000006', 'Raja', 'karnamahesh42@gmail.com', '8919146333', 'Location Recci', '2025-12-13', 'Test Description ', NULL, NULL, 9, NULL, 'approved', 1, '2025-12-13 15:19:19', 1, 2, '00:03:25', 9, '2025-12-13 14:54:13', '2025-12-13 15:19:43', 'Aadhar Card', 'AP3524685', 'visitor_V000007_qr.png', 'AS545788S', 'Bike', '', '', '15:53:00');

-- --------------------------------------------------------

--
-- Table structure for table `visitor_logs`
--

CREATE TABLE `visitor_logs` (
  `id` int(11) NOT NULL,
  `visitor_request_id` int(11) NOT NULL,
  `action_type` varchar(50) NOT NULL,
  `old_status` varchar(50) DEFAULT NULL,
  `new_status` varchar(50) DEFAULT NULL,
  `remarks` text DEFAULT NULL,
  `performed_by` int(11) NOT NULL,
  `performed_at` datetime NOT NULL DEFAULT current_timestamp()
) ENGINE=InnoDB DEFAULT CHARSET=utf8mb4 COLLATE=utf8mb4_general_ci;

--
-- Dumping data for table `visitor_logs`
--

INSERT INTO `visitor_logs` (`id`, `visitor_request_id`, `action_type`, `old_status`, `new_status`, `remarks`, `performed_by`, `performed_at`) VALUES
(1, 1, 'Created', NULL, 'approved', '--', 1, '2025-12-12 22:19:39'),
(2, 2, 'Created', NULL, 'pending', '--', 9, '2025-12-12 22:34:33'),
(3, 3, 'Created', NULL, 'pending', '--', 9, '2025-12-12 22:36:16'),
(4, 2, 'approved', 'pending', 'approved', NULL, 11, '2025-12-13 04:01:35'),
(5, 4, 'Created', NULL, 'pending', '--', 9, '2025-12-13 10:48:10'),
(6, 5, 'Created', NULL, 'pending', '--', 9, '2025-12-13 10:48:10'),
(7, 4, 'approved', 'pending', 'approved', NULL, 11, '2025-12-13 10:54:29'),
(8, 5, 'approved', 'pending', 'approved', NULL, 11, '2025-12-13 10:54:30'),
(9, 6, 'Created', NULL, 'pending', '--', 9, '2025-12-13 13:57:28'),
(10, 7, 'Created', NULL, 'pending', '--', 9, '2025-12-13 14:54:13'),
(11, 7, 'approved', 'pending', 'approved', NULL, 16, '2025-12-13 15:13:47'),
(12, 3, 'approved', 'pending', 'approved', NULL, 1, '2025-12-14 12:04:28');

-- --------------------------------------------------------

--
-- Table structure for table `visitor_request_header`
--

CREATE TABLE `visitor_request_header` (
  `id` int(11) NOT NULL,
  `header_code` varchar(50) NOT NULL,
  `requested_by` varchar(100) NOT NULL,
  `referred_by` int(11) DEFAULT NULL,
  `requested_date` date NOT NULL,
  `requested_time` time NOT NULL,
  `department` varchar(100) DEFAULT NULL,
  `purpose` varchar(255) DEFAULT NULL,
  `description` text DEFAULT NULL,
  `email` varchar(255) DEFAULT NULL,
  `total_visitors` int(11) DEFAULT 0,
  `status` enum('pending','approved','rejected') DEFAULT 'pending',
  `updated_by` int(11) DEFAULT NULL,
  `remarks` text DEFAULT NULL,
  `created_at` datetime DEFAULT current_timestamp(),
  `updated_at` datetime DEFAULT current_timestamp() ON UPDATE current_timestamp(),
  `company` varchar(255) DEFAULT NULL
) ENGINE=InnoDB DEFAULT CHARSET=utf8mb4 COLLATE=utf8mb4_general_ci;

--
-- Dumping data for table `visitor_request_header`
--

INSERT INTO `visitor_request_header` (`id`, `header_code`, `requested_by`, `referred_by`, `requested_date`, `requested_time`, `department`, `purpose`, `description`, `email`, `total_visitors`, `status`, `updated_by`, `remarks`, `created_at`, `updated_at`, `company`) VALUES
(1, 'GV000001', '1', 5, '2025-12-13', '10:30:00', 'IT', 'General Visit', 'Testing Purpose ', 'karnamahesh42@gmail.com', 1, 'approved', NULL, '', '2025-12-12 22:19:39', '2025-12-12 22:19:39', 'UKMPL'),
(2, 'GV000002', '9', 11, '2025-12-12', '22:33:00', 'Finance', 'Meeting', 'Test Visit Purpose  ', 'karnamahesh42@gmail.com', 1, 'approved', NULL, NULL, '2025-12-12 22:34:33', '2025-12-13 04:01:35', 'UKMPL'),
(3, 'GV000003', '9', 16, '2025-12-12', '22:35:00', 'Finance', 'Meeting', 'Test Meeting Visit', 'karnamahesh42@gmail.com', 1, 'approved', NULL, NULL, '2025-12-12 22:36:16', '2025-12-14 12:04:28', 'UKMPL'),
(4, 'GV000004', '9', 11, '2025-12-13', '10:50:00', 'Finance', 'Vendor Visit', 'Test Visit', 'karnamahesh42@gmail.com', 2, 'approved', NULL, NULL, '2025-12-13 10:48:10', '2025-12-13 10:54:30', 'UKMPL'),
(5, 'GV000005', '9', 16, '2025-12-13', '14:30:00', 'Finance', 'Event Visit', 'Client Planning For Event', 'ukmledp@ramojifilmcity.com', 1, 'pending', NULL, '', '2025-12-13 13:57:28', '2025-12-13 13:57:28', 'UKMPL'),
(6, 'GV000006', '9', 16, '2025-12-13', '15:53:00', 'Finance', 'Location Recci', 'Test Description ', 'karnamahesh42@gmail.com', 1, 'approved', NULL, NULL, '2025-12-13 14:54:13', '2025-12-13 15:13:47', 'UKMPL');

--
-- Indexes for dumped tables
--

--
-- Indexes for table `departments`
--
ALTER TABLE `departments`
  ADD PRIMARY KEY (`id`),
  ADD UNIQUE KEY `department_name` (`department_name`);

--
-- Indexes for table `expired_visitor_passes`
--
ALTER TABLE `expired_visitor_passes`
  ADD PRIMARY KEY (`id`);

--
-- Indexes for table `reference`
--
ALTER TABLE `reference`
  ADD PRIMARY KEY (`id`),
  ADD KEY `created_by` (`created_by`);

--
-- Indexes for table `reference_visitor_requests`
--
ALTER TABLE `reference_visitor_requests`
  ADD PRIMARY KEY (`id`),
  ADD UNIQUE KEY `rvr_code` (`rvr_code`),
  ADD KEY `reference_id` (`reference_id`);

--
-- Indexes for table `roles`
--
ALTER TABLE `roles`
  ADD PRIMARY KEY (`id`),
  ADD UNIQUE KEY `role_name` (`role_name`);

--
-- Indexes for table `security_gate_logs`
--
ALTER TABLE `security_gate_logs`
  ADD PRIMARY KEY (`id`);

--
-- Indexes for table `users`
--
ALTER TABLE `users`
  ADD PRIMARY KEY (`id`),
  ADD UNIQUE KEY `username` (`username`),
  ADD KEY `department_id` (`department_id`),
  ADD KEY `role_id` (`role_id`),
  ADD KEY `created_by` (`created_by`);

--
-- Indexes for table `user_hashkeys`
--
ALTER TABLE `user_hashkeys`
  ADD PRIMARY KEY (`id`),
  ADD KEY `user_id` (`user_id`);

--
-- Indexes for table `visitors`
--
ALTER TABLE `visitors`
  ADD PRIMARY KEY (`id`),
  ADD UNIQUE KEY `v_code` (`v_code`),
  ADD KEY `host_user_id` (`host_user_id`),
  ADD KEY `created_by` (`created_by`),
  ADD KEY `fk_visitors_header` (`request_header_id`);

--
-- Indexes for table `visitor_logs`
--
ALTER TABLE `visitor_logs`
  ADD PRIMARY KEY (`id`),
  ADD KEY `visitor_request_id` (`visitor_request_id`);

--
-- Indexes for table `visitor_request_header`
--
ALTER TABLE `visitor_request_header`
  ADD PRIMARY KEY (`id`);

--
-- AUTO_INCREMENT for dumped tables
--

--
-- AUTO_INCREMENT for table `departments`
--
ALTER TABLE `departments`
  MODIFY `id` int(11) NOT NULL AUTO_INCREMENT, AUTO_INCREMENT=7;

--
-- AUTO_INCREMENT for table `expired_visitor_passes`
--
ALTER TABLE `expired_visitor_passes`
  MODIFY `id` int(11) NOT NULL AUTO_INCREMENT, AUTO_INCREMENT=5;

--
-- AUTO_INCREMENT for table `reference`
--
ALTER TABLE `reference`
  MODIFY `id` int(11) NOT NULL AUTO_INCREMENT, AUTO_INCREMENT=5;

--
-- AUTO_INCREMENT for table `reference_visitor_requests`
--
ALTER TABLE `reference_visitor_requests`
  MODIFY `id` int(11) NOT NULL AUTO_INCREMENT;

--
-- AUTO_INCREMENT for table `roles`
--
ALTER TABLE `roles`
  MODIFY `id` int(11) NOT NULL AUTO_INCREMENT, AUTO_INCREMENT=5;

--
-- AUTO_INCREMENT for table `security_gate_logs`
--
ALTER TABLE `security_gate_logs`
  MODIFY `id` int(11) NOT NULL AUTO_INCREMENT, AUTO_INCREMENT=4;

--
-- AUTO_INCREMENT for table `users`
--
ALTER TABLE `users`
  MODIFY `id` int(11) NOT NULL AUTO_INCREMENT, AUTO_INCREMENT=19;

--
-- AUTO_INCREMENT for table `user_hashkeys`
--
ALTER TABLE `user_hashkeys`
  MODIFY `id` int(11) NOT NULL AUTO_INCREMENT;

--
-- AUTO_INCREMENT for table `visitors`
--
ALTER TABLE `visitors`
  MODIFY `id` int(11) NOT NULL AUTO_INCREMENT, AUTO_INCREMENT=8;

--
-- AUTO_INCREMENT for table `visitor_logs`
--
ALTER TABLE `visitor_logs`
  MODIFY `id` int(11) NOT NULL AUTO_INCREMENT, AUTO_INCREMENT=13;

--
-- AUTO_INCREMENT for table `visitor_request_header`
--
ALTER TABLE `visitor_request_header`
  MODIFY `id` int(11) NOT NULL AUTO_INCREMENT, AUTO_INCREMENT=7;

--
-- Constraints for dumped tables
--

--
-- Constraints for table `reference`
--
ALTER TABLE `reference`
  ADD CONSTRAINT `reference_ibfk_1` FOREIGN KEY (`created_by`) REFERENCES `users` (`id`);

--
-- Constraints for table `reference_visitor_requests`
--
ALTER TABLE `reference_visitor_requests`
  ADD CONSTRAINT `reference_visitor_requests_ibfk_1` FOREIGN KEY (`reference_id`) REFERENCES `reference` (`id`);

--
-- Constraints for table `users`
--
ALTER TABLE `users`
  ADD CONSTRAINT `users_ibfk_1` FOREIGN KEY (`department_id`) REFERENCES `departments` (`id`),
  ADD CONSTRAINT `users_ibfk_2` FOREIGN KEY (`role_id`) REFERENCES `roles` (`id`);

--
-- Constraints for table `user_hashkeys`
--
ALTER TABLE `user_hashkeys`
  ADD CONSTRAINT `user_hashkeys_ibfk_1` FOREIGN KEY (`user_id`) REFERENCES `users` (`id`);

--
-- Constraints for table `visitors`
--
ALTER TABLE `visitors`
  ADD CONSTRAINT `visitors_ibfk_1` FOREIGN KEY (`host_user_id`) REFERENCES `users` (`id`),
  ADD CONSTRAINT `visitors_ibfk_2` FOREIGN KEY (`created_by`) REFERENCES `users` (`id`);
COMMIT;

/*!40101 SET CHARACTER_SET_CLIENT=@OLD_CHARACTER_SET_CLIENT */;
/*!40101 SET CHARACTER_SET_RESULTS=@OLD_CHARACTER_SET_RESULTS */;
/*!40101 SET COLLATION_CONNECTION=@OLD_COLLATION_CONNECTION */;
