-- phpMyAdmin SQL Dump
-- version 5.2.1
-- https://www.phpmyadmin.net/
--
-- Host: 127.0.0.1
-- Generation Time: Dec 19, 2025 at 06:03 PM
-- Server version: 10.4.32-MariaDB
-- PHP Version: 8.2.12

SET SQL_MODE = "NO_AUTO_VALUE_ON_ZERO";
START TRANSACTION;
SET time_zone = "+00:00";


/*!40101 SET @OLD_CHARACTER_SET_CLIENT=@@CHARACTER_SET_CLIENT */;
/*!40101 SET @OLD_CHARACTER_SET_RESULTS=@@CHARACTER_SET_RESULTS */;
/*!40101 SET @OLD_COLLATION_CONNECTION=@@COLLATION_CONNECTION */;
/*!40101 SET NAMES utf8mb4 */;

--
-- Database: `watertax_db`
--

-- --------------------------------------------------------

--
-- Table structure for table `boomidari_master`
--

CREATE TABLE `boomidari_master` (
  `id` int(11) NOT NULL,
  `khatha_no` varchar(50) DEFAULT NULL,
  `pattadari_name` varchar(150) DEFAULT NULL,
  `father_name` varchar(150) DEFAULT NULL,
  `lp_no` varchar(50) DEFAULT NULL,
  `old_survey_no` varchar(50) DEFAULT NULL,
  `ul_pi_no` varchar(50) DEFAULT NULL,
  `boomi_swabhavamu` varchar(100) DEFAULT NULL,
  `boomi_upa_swabhavamu` varchar(100) DEFAULT NULL,
  `boomi_vargeekarana` varchar(100) DEFAULT NULL,
  `boomi_upa_vargeekarana` varchar(100) DEFAULT NULL,
  `lp_extent` decimal(10,2) DEFAULT NULL,
  `anubhava_swabhavamu` varchar(100) DEFAULT NULL,
  `phone_number` varchar(15) DEFAULT NULL,
  `remarks` text DEFAULT NULL,
  `status` tinyint(4) DEFAULT 1,
  `created_at` timestamp NOT NULL DEFAULT current_timestamp(),
  `updated_at` timestamp NULL DEFAULT NULL
) ENGINE=InnoDB DEFAULT CHARSET=utf8mb4 COLLATE=utf8mb4_general_ci;

-- --------------------------------------------------------

--
-- Table structure for table `departments`
--

CREATE TABLE `departments` (
  `id` int(11) NOT NULL,
  `department_name` varchar(100) NOT NULL
) ENGINE=InnoDB DEFAULT CHARSET=utf8mb4 COLLATE=utf8mb4_general_ci;

--
-- Dumping data for table `departments`
--

INSERT INTO `departments` (`id`, `department_name`) VALUES
(2, 'Finance'),
(3, 'HR'),
(1, 'IT'),
(4, 'Procurement'),
(6, 'Security'),
(5, 'Stores');

-- --------------------------------------------------------

--
-- Table structure for table `roles`
--

CREATE TABLE `roles` (
  `id` int(11) NOT NULL,
  `role_name` varchar(50) NOT NULL
) ENGINE=InnoDB DEFAULT CHARSET=utf8mb4 COLLATE=utf8mb4_general_ci;

--
-- Dumping data for table `roles`
--

INSERT INTO `roles` (`id`, `role_name`) VALUES
(2, 'admin'),
(4, 'security'),
(1, 'superadmin'),
(3, 'user');

-- --------------------------------------------------------

--
-- Table structure for table `users`
--

CREATE TABLE `users` (
  `id` int(11) NOT NULL,
  `priority` int(11) NOT NULL DEFAULT 0,
  `name` varchar(200) DEFAULT NULL,
  `company_name` varchar(150) DEFAULT NULL,
  `department_id` int(11) DEFAULT NULL,
  `username` varchar(50) NOT NULL,
  `password` varchar(255) NOT NULL,
  `role_id` int(11) NOT NULL,
  `active` tinyint(1) NOT NULL DEFAULT 1,
  `hash_key` varchar(255) DEFAULT NULL,
  `created_at` timestamp NOT NULL DEFAULT current_timestamp(),
  `created_by` int(11) DEFAULT current_timestamp(),
  `email` varchar(150) NOT NULL,
  `employee_code` varchar(50) NOT NULL
) ENGINE=InnoDB DEFAULT CHARSET=utf8mb4 COLLATE=utf8mb4_general_ci;

--
-- Dumping data for table `users`
--

INSERT INTO `users` (`id`, `priority`, `name`, `company_name`, `department_id`, `username`, `password`, `role_id`, `active`, `hash_key`, `created_at`, `created_by`, `email`, `employee_code`) VALUES
(1, 0, 'mahesh', 'UKMPL', 1, 'superadmin', '274d015c638f62ba24b19ca23c9c9503', 1, 1, 'HASHKEY123', '2025-11-20 09:28:43', NULL, 'maheshkarna42@gmail.com', '2523011'),
(5, 0, 'Sreenivas', 'UKMPL', 1, 'sreenivas', '4afcb80b6e9cd9a83efdf1ec48a1c856', 2, 1, 'HASHKEY123', '2025-11-21 05:54:24', 1, 'ukmledp@ramojifilmcity.com', '12345678'),
(6, 0, 'Prakash', 'UKMPL', 3, 'hruser2', '1b0041377a27ec89d4ff989d048f5e85', 3, 1, 'HASHKEY123', '2025-11-21 22:15:08', 1, 'prakash@gmail.com', '789654159'),
(7, 0, 'Prasad ', 'UKMPL', 3, 'hrhod', 'f271d1efdfba760f7145d4436f845b8e', 2, 1, 'HASHKEY123', '2025-11-22 05:56:17', 1, 'prasad@gmail.com', '951357456'),
(8, 0, 'Sury kumar', 'UKMPL', 1, 'ituser', '8e3f128f3e5075f40cd8b8361cb1d24d', 3, 1, 'HASHKEY123', '2025-11-24 00:22:13', 1, 'kumar@gmail.com', '87456321'),
(9, 10, 'Radhika', 'UKMPL', 2, 'radhika', '2a14558094169ea7f79f928213fd9a20', 3, 1, 'HASHKEY123', '2025-11-24 03:40:59', 1, 'radhika@gmail.com', '951456357'),
(10, 10, 'Sailesh Kumar', 'UKMPL', 2, 'sailesh', '439dd07182ce0dcd1f225293d85be464', 2, 1, 'HASHKEY123', '2025-11-27 23:56:49', 5, 'miscentraloffice@ramojifilmcity.com', '741963258'),
(11, 2, 'Satish Kumar', 'UKMPL', 2, 'satish', '135c44d20155d3a67bc984f17492a3d3', 2, 1, 'HASHKEY123', '2025-11-30 09:57:12', 5, 'gmaccounts@ramojifilmcity.com', '321987456'),
(12, 0, 'pallam raju', 'UKMPL', 3, 'hruser', '5980d6ad05354bd8681adff071323804', 3, 1, 'HASHKEY123', '2025-11-30 15:37:58', 5, 'raju@gmail.com', '456812397'),
(13, 10, 'khan', 'UKMPL', 6, 'security', '7f56499c9bcb7018d17adba024f12b36', 4, 1, NULL, '2025-12-01 10:32:56', 5, 'khan@gmail.com', '89595875'),
(14, 0, 'Kumar', 'UKMPL', 5, 'kumar', 'b9b580e1f1d30f72a52c9696dfa3c1a3', 3, 0, NULL, '2025-12-02 03:46:21', 5, 'kumar@gmail.com', '53532581'),
(15, 0, 'Mahesh', 'UKMPL', 5, 'stores@rfc.com', 'bde72de2ac7798197faa307a4df2db69', 3, 1, 'HASHKEY123', '2025-12-09 11:46:10', 1, 'store@gmail.com', '123456'),
(16, 3, 'Lokesh', 'UKMPL', 2, 'lokesh', 'd273c8b0aa7f42e27fe0ea75f896167a', 2, 1, 'HASHKEY123', '2025-12-12 15:37:09', 1, 'lokesh@gmail.com', '87456321'),
(18, 1, 'K Ravindara Rao', 'UKMPL', 2, 'kravindra', '6c185769e88bffa03bed6a8129277205', 2, 1, 'HASHKEY123', '2025-12-13 09:29:06', 1, 'ravindra@gmail.com', '789564264'),
(19, 10, 'Ramarao', 'UKMPL', 2, 'ramarao', 'c29026d4d8d5bbdde0f2c246de65f93d', 3, 1, 'HASHKEY123', '2025-12-19 14:25:27', 1, 'rama@gmail.com', '7894563');

-- --------------------------------------------------------

--
-- Table structure for table `user_hashkeys`
--

CREATE TABLE `user_hashkeys` (
  `id` int(11) NOT NULL,
  `user_id` int(11) NOT NULL,
  `hash_key` varchar(255) NOT NULL,
  `pass_key` varchar(50) NOT NULL,
  `created_at` timestamp NOT NULL DEFAULT current_timestamp()
) ENGINE=InnoDB DEFAULT CHARSET=utf8mb4 COLLATE=utf8mb4_general_ci;

-- --------------------------------------------------------

--
-- Table structure for table `visitor_logs`
--

CREATE TABLE `visitor_logs` (
  `id` int(11) NOT NULL,
  `visitor_request_id` int(11) NOT NULL,
  `action_type` varchar(50) NOT NULL,
  `old_status` varchar(50) DEFAULT NULL,
  `new_status` varchar(50) DEFAULT NULL,
  `remarks` text DEFAULT NULL,
  `performed_by` int(11) NOT NULL,
  `performed_at` datetime NOT NULL DEFAULT current_timestamp()
) ENGINE=InnoDB DEFAULT CHARSET=utf8mb4 COLLATE=utf8mb4_general_ci;

--
-- Dumping data for table `visitor_logs`
--

INSERT INTO `visitor_logs` (`id`, `visitor_request_id`, `action_type`, `old_status`, `new_status`, `remarks`, `performed_by`, `performed_at`) VALUES
(1, 1, 'Created', NULL, 'approved', '--', 1, '2025-12-12 22:19:39'),
(2, 2, 'Created', NULL, 'pending', '--', 9, '2025-12-12 22:34:33'),
(3, 3, 'Created', NULL, 'pending', '--', 9, '2025-12-12 22:36:16'),
(4, 2, 'approved', 'pending', 'approved', NULL, 11, '2025-12-13 04:01:35'),
(5, 4, 'Created', NULL, 'pending', '--', 9, '2025-12-13 10:48:10'),
(6, 5, 'Created', NULL, 'pending', '--', 9, '2025-12-13 10:48:10'),
(7, 4, 'approved', 'pending', 'approved', NULL, 11, '2025-12-13 10:54:29'),
(8, 5, 'approved', 'pending', 'approved', NULL, 11, '2025-12-13 10:54:30'),
(9, 6, 'Created', NULL, 'pending', '--', 9, '2025-12-13 13:57:28'),
(10, 7, 'Created', NULL, 'pending', '--', 9, '2025-12-13 14:54:13'),
(11, 7, 'approved', 'pending', 'approved', NULL, 16, '2025-12-13 15:13:47'),
(12, 3, 'approved', 'pending', 'approved', NULL, 1, '2025-12-14 12:04:28');

--
-- Indexes for dumped tables
--

--
-- Indexes for table `boomidari_master`
--
ALTER TABLE `boomidari_master`
  ADD PRIMARY KEY (`id`);

--
-- Indexes for table `departments`
--
ALTER TABLE `departments`
  ADD PRIMARY KEY (`id`),
  ADD UNIQUE KEY `department_name` (`department_name`);

--
-- Indexes for table `roles`
--
ALTER TABLE `roles`
  ADD PRIMARY KEY (`id`),
  ADD UNIQUE KEY `role_name` (`role_name`);

--
-- Indexes for table `users`
--
ALTER TABLE `users`
  ADD PRIMARY KEY (`id`),
  ADD UNIQUE KEY `username` (`username`),
  ADD KEY `department_id` (`department_id`),
  ADD KEY `role_id` (`role_id`),
  ADD KEY `created_by` (`created_by`);

--
-- Indexes for table `user_hashkeys`
--
ALTER TABLE `user_hashkeys`
  ADD PRIMARY KEY (`id`),
  ADD KEY `user_id` (`user_id`);

--
-- Indexes for table `visitor_logs`
--
ALTER TABLE `visitor_logs`
  ADD PRIMARY KEY (`id`),
  ADD KEY `visitor_request_id` (`visitor_request_id`);

--
-- AUTO_INCREMENT for dumped tables
--

--
-- AUTO_INCREMENT for table `boomidari_master`
--
ALTER TABLE `boomidari_master`
  MODIFY `id` int(11) NOT NULL AUTO_INCREMENT;

--
-- AUTO_INCREMENT for table `departments`
--
ALTER TABLE `departments`
  MODIFY `id` int(11) NOT NULL AUTO_INCREMENT, AUTO_INCREMENT=7;

--
-- AUTO_INCREMENT for table `roles`
--
ALTER TABLE `roles`
  MODIFY `id` int(11) NOT NULL AUTO_INCREMENT, AUTO_INCREMENT=5;

--
-- AUTO_INCREMENT for table `users`
--
ALTER TABLE `users`
  MODIFY `id` int(11) NOT NULL AUTO_INCREMENT, AUTO_INCREMENT=20;

--
-- AUTO_INCREMENT for table `user_hashkeys`
--
ALTER TABLE `user_hashkeys`
  MODIFY `id` int(11) NOT NULL AUTO_INCREMENT;

--
-- AUTO_INCREMENT for table `visitor_logs`
--
ALTER TABLE `visitor_logs`
  MODIFY `id` int(11) NOT NULL AUTO_INCREMENT, AUTO_INCREMENT=13;

--
-- Constraints for dumped tables
--

--
-- Constraints for table `users`
--
ALTER TABLE `users`
  ADD CONSTRAINT `users_ibfk_1` FOREIGN KEY (`department_id`) REFERENCES `departments` (`id`),
  ADD CONSTRAINT `users_ibfk_2` FOREIGN KEY (`role_id`) REFERENCES `roles` (`id`);

--
-- Constraints for table `user_hashkeys`
--
ALTER TABLE `user_hashkeys`
  ADD CONSTRAINT `user_hashkeys_ibfk_1` FOREIGN KEY (`user_id`) REFERENCES `users` (`id`);
COMMIT;

/*!40101 SET CHARACTER_SET_CLIENT=@OLD_CHARACTER_SET_CLIENT */;
/*!40101 SET CHARACTER_SET_RESULTS=@OLD_CHARACTER_SET_RESULTS */;
/*!40101 SET COLLATION_CONNECTION=@OLD_COLLATION_CONNECTION */;
